model,accuracy,precision,recall,f1_score
XGBoost V1 (fitur asli),0.6504,0.0846,0.5364,0.1462
XGBoost V2 (fitur baru),0.6484018264840182,0.07936507936507936,0.5,0.136986301369863
